dsfwsdf,sdfsdf,2023-12-31 18:58:53,"{'Keyboard': False, 'Mouse': False, 'Headset': False, 'Controller': False}"
fsdfsd,sdfsdf,2023-12-31 19:01:07,"{'Keyboard': False, 'Mouse': False, 'Headset': False, 'Controller': False}"
gdfgdfg,fdgdgsag,2023-12-31 19:17:33,"{'Keyboard': False, 'Mouse': False, 'Headset': False, 'Controller': False}"
 Test,tedr,2024-01-07 18:28:57,"{'Keyboard': False, 'Mouse': False, 'Headset': False, 'Controller': False}"
,,2024-01-07 18:28:58,"{'Keyboard': False, 'Mouse': False, 'Headset': False, 'Controller': False}"
Test,Again,2024-01-07 18:52:55,"{'Keyboard': False, 'Mouse': False, 'Headset': False, 'Controller': False}"
Test,Not,2024-01-07 18:53:47,"{'Keyboard': False, 'Mouse': False, 'Headset': False, 'Controller': False}"
Test ,2109212,2024-01-08 14:44:49,"{'Keyboard': False, 'Mouse': False, 'Headset': False, 'Controller': False}"
Hussain,01107815,2024-01-08 14:51:10,"{'Keyboard': False, 'Mouse': False, 'Headset': False, 'Controller': False}"
Test,G01107815,2024-01-08 15:27:19,"{'Keyboard': False, 'Mouse': False, 'Headset': False, 'Controller': False}"
Test,G00001111,2024-01-08 15:29:22,"{'Keyboard': False, 'Mouse': False, 'Headset': False, 'Controller': False}"
Test,G01108899,2024-01-08 16:25:09,"{'Keyboard': False, 'Mouse': False, 'Headset': False, 'Controller': False}"
Test,G10101010,2024-01-08 17:05:12,"{'Keyboard': False, 'Mouse': False, 'Headset': False, 'Controller': False}"
test,G01019988,2024-01-08 17:05:42,"{'Keyboard': False, 'Mouse': False, 'Headset': False, 'Controller': False}"
Hussain,G01107815,2024-01-10 12:01:33,"{'Keyboard': False, 'Mouse': False, 'Headset': False, 'Controller': False}"
Hussain,G01017878,2024-01-10 14:04:56,"{'Keyboard': False, 'Mouse': False, 'Headset': False, 'Controller': False}"
TRest,G10101010,2024-01-10 14:54:11,"{'Keyboard': False, 'Mouse': False, 'Headset': False, 'Controller': False}"
Test,G90901111,2024-01-10 15:50:20,"{'Keyboard': False, 'Mouse': False, 'Headset': False, 'Controller': False}"
Test,G89896767,2024-01-10 18:36:14,"{'Keyboard': False, 'Mouse': False, 'Headset': False, 'Controller': False}"
Test,G23232323,2024-01-10 18:54:51,"{'Keyboard': False, 'Mouse': False, 'Headset': False, 'Controller': False}"
Test,G12121212,2024-01-10 19:06:02,"{'Keyboard': False, 'Mouse': True, 'Headset': False, 'Controller': False}"
Testy,G23542354,2024-01-10 19:30:52,"{'Keyboard': False, 'Mouse': False, 'Headset': False, 'Controller': False}"
test,G12121212,2024-01-10 19:36:13,"{'Keyboard': False, 'Mouse': False, 'Headset': True, 'Controller': False}"
